{
  "assemblyStates": {
    "Studio.Generated.TypedDataTable2": {
      "namespace": "System.Data",
      "providerName": "TypedDataTable",
      "key": {
        "name": "Studio.Generated.TypedDataTable2",
        "hash": null,
        "assemblyName": "Studio.Generated.TypedDataTable2"
      }
    },
    "Studio.Generated.TypedDataTable7": {
      "namespace": "System.Data",
      "providerName": "TypedDataTable",
      "key": {
        "name": "Studio.Generated.TypedDataTable7",
        "hash": null,
        "assemblyName": "Studio.Generated.TypedDataTable7"
      }
    },
    "Studio.Generated.TypedDataTable9": {
      "namespace": "System.Data",
      "providerName": "TypedDataTable",
      "key": {
        "name": "Studio.Generated.TypedDataTable9",
        "hash": null,
        "assemblyName": "Studio.Generated.TypedDataTable9"
      }
    },
    "Studio.Generated.TypedDataTable4": {
      "namespace": "System.Data",
      "providerName": "TypedDataTable",
      "key": {
        "name": "Studio.Generated.TypedDataTable4",
        "hash": null,
        "assemblyName": "Studio.Generated.TypedDataTable4"
      }
    },
    "Studio.Generated.TypedDataTable8": {
      "namespace": "System.Data",
      "providerName": "TypedDataTable",
      "key": {
        "name": "Studio.Generated.TypedDataTable8",
        "hash": null,
        "assemblyName": "Studio.Generated.TypedDataTable8"
      }
    },
    "Studio.Generated.TypedDataTable12": {
      "namespace": "System.Data",
      "providerName": "TypedDataTable",
      "key": {
        "name": "Studio.Generated.TypedDataTable12",
        "hash": null,
        "assemblyName": "Studio.Generated.TypedDataTable12"
      }
    },
    "Studio.Generated.TypedDataTable3": {
      "namespace": "System.Data",
      "providerName": "TypedDataTable",
      "key": {
        "name": "Studio.Generated.TypedDataTable3",
        "hash": null,
        "assemblyName": "Studio.Generated.TypedDataTable3"
      }
    },
    "Studio.Generated.TypedDataTable6": {
      "namespace": "System.Data",
      "providerName": "TypedDataTable",
      "key": {
        "name": "Studio.Generated.TypedDataTable6",
        "hash": null,
        "assemblyName": "Studio.Generated.TypedDataTable6"
      }
    },
    "Studio.Generated.TypedDataTable5": {
      "namespace": "System.Data",
      "providerName": "TypedDataTable",
      "key": {
        "name": "Studio.Generated.TypedDataTable5",
        "hash": null,
        "assemblyName": "Studio.Generated.TypedDataTable5"
      }
    },
    "Studio.Generated.TypedDataTable1": {
      "namespace": "System.Data",
      "providerName": "TypedDataTable",
      "key": {
        "name": "Studio.Generated.TypedDataTable1",
        "hash": null,
        "assemblyName": "Studio.Generated.TypedDataTable1"
      }
    },
    "Studio.Generated.TypedDataTable11": {
      "namespace": "System.Data",
      "providerName": "TypedDataTable",
      "key": {
        "name": "Studio.Generated.TypedDataTable11",
        "hash": null,
        "assemblyName": "Studio.Generated.TypedDataTable11"
      }
    },
    "Studio.Generated.TypedDataTable10": {
      "namespace": "System.Data",
      "providerName": "TypedDataTable",
      "key": {
        "name": "Studio.Generated.TypedDataTable10",
        "hash": null,
        "assemblyName": "Studio.Generated.TypedDataTable10"
      }
    }
  }
}